Lieferant,Umsatz (EUR),Datum,Lieferant Abk.
Antiquariat,1517.84,2018-12-01,Antiquariat
Schildkröte Buchhandlung AG,4611.05,2018-12-01,Schildkröte Buchhandlung
Buchhandlung Klee Paris,340.76,2018-12-01,Buchhandlung Klee
Rosa Arbeiter International,27.69,2018-12-01,Rosa Arbeiter
ANALOG MEDIA,34.37,2018-12-01,ANALOG MEDIA
HDGDL Zeitschriften,24.85,2018-12-01,HDGDL Zeitschriften
HDGDL Buch,1420.26,2018-12-01,HDGDL Buch
Eschenbach Verlag,886.81,2018-12-01,Eschenbach Verlag
Eschenbach Verlag,13.95,2018-12-01,Eschenbach Verlag
Sappho bookshop GmbH,67.93,2018-12-01,Sappho bookshop
Unser Glück Verlag,108.06,2018-12-01,Unser Glück Verlag
Schwalben Medien,15.69,2018-12-01,Schwalben Medien
Pawnee Verlag,20.9,2018-12-01,Pawnee Verlag
Franz Kafka-Buchhandlung,23.32,2018-12-01,Franz Kafka-Buchhandlung
Golden Leaves Musikverlag,1769.35,2018-12-01,Golden Leaves Musikverlag
PuzzlePiece,4.91,2018-12-01,PuzzlePiece
Tassen,3573.87,2018-12-01,Tassen
schwarze Botin,2411.17,2018-12-01,schwarze Botin
Buchhandlung Wal,10.86,2018-12-01,Buchhandlung Wal
FuP Informationen,4316.96,2018-12-01,FuP Informationen
Leslie Ben Ron,572.7,2018-12-01,Leslie Ben Ron
LiC Vinyl,30.21,2018-12-01,LiC Vinyl
Notenantiquairiat Franul,166.79,2018-12-01,Notenantiquairiat Franul
Antiquariat,4729.24,2015-12-01,Antiquariat
Schildkröte Buchhandlung AG,7275.4,2015-12-01,Schildkröte Buchhandlung
Buchhandlung Klee Paris,268.34,2015-12-01,Buchhandlung Klee
ANALOG MEDIA,51.68,2015-12-01,ANALOG MEDIA
Eschenbach Verlag,13.0,2015-12-01,Eschenbach Verlag
HDGDL Buch,6668.63,2015-12-01,HDGDL Buch
Sappho bookshop GmbH,321.41,2015-12-01,Sappho bookshop
Golden Leaves Musikverlag,3414.26,2015-12-01,Golden Leaves Musikverlag
Tassen,3813.47,2015-12-01,Tassen
schwarze Botin,7469.7,2015-12-01,schwarze Botin
Wankuver,650.81,2015-12-01,Wankuver
FuP Informationen,3905.04,2015-12-01,FuP Informationen
Leslie Ben Ron,25.04,2015-12-01,Leslie Ben Ron
LiC Vinyl,27.18,2015-12-01,LiC Vinyl
Antiquariat,819.03,2019-06-01,Antiquariat
Schildkröte Buchhandlung AG,1694.28,2019-06-01,Schildkröte Buchhandlung
Buchhandlung Klee Paris,205.42,2019-06-01,Buchhandlung Klee
Rosa Arbeiter International,29.77,2019-06-01,Rosa Arbeiter
ANALOG MEDIA,12.87,2019-06-01,ANALOG MEDIA
HDGDL Zeitschriften,8.11,2019-06-01,HDGDL Zeitschriften
HDGDL Buch,423.38,2019-06-01,HDGDL Buch
Eschenbach Verlag,27.98,2019-06-01,Eschenbach Verlag
Sappho bookshop GmbH,30.7,2019-06-01,Sappho bookshop
Unser Glück Verlag,103.45,2019-06-01,Unser Glück Verlag
Schwalben Medien,15.69,2019-06-01,Schwalben Medien
Pawnee Verlag,21.13,2019-06-01,Pawnee Verlag
Franz Kafka-Buchhandlung,23.32,2019-06-01,Franz Kafka-Buchhandlung
Golden Leaves Musikverlag,777.32,2019-06-01,Golden Leaves Musikverlag
Tassen,1794.88,2019-06-01,Tassen
schwarze Botin,1474.67,2019-06-01,schwarze Botin
FuP Informationen,350.82,2019-06-01,FuP Informationen
Leslie Ben Ron,103.61,2019-06-01,Leslie Ben Ron
Antiquariat,680.95,2019-04-01,Antiquariat
Schildkröte Buchhandlung AG,1047.17,2019-04-01,Schildkröte Buchhandlung
Buchhandlung Klee Paris,133.2,2019-04-01,Buchhandlung Klee
Rosa Arbeiter International,29.77,2019-04-01,Rosa Arbeiter
ANALOG MEDIA,12.87,2019-04-01,ANALOG MEDIA
HDGDL Zeitschriften,8.11,2019-04-01,HDGDL Zeitschriften
HDGDL Buch,312.78,2019-04-01,HDGDL Buch
Eschenbach Verlag,24.4,2019-04-01,Eschenbach Verlag
Sappho bookshop GmbH,30.7,2019-04-01,Sappho bookshop
Unser Glück Verlag,103.45,2019-04-01,Unser Glück Verlag
Schwalben Medien,15.69,2019-04-01,Schwalben Medien
Pawnee Verlag,21.13,2019-04-01,Pawnee Verlag
Franz Kafka-Buchhandlung,23.32,2019-04-01,Franz Kafka-Buchhandlung
Golden Leaves Musikverlag,493.52,2019-04-01,Golden Leaves Musikverlag
Tassen,991.29,2019-04-01,Tassen
schwarze Botin,962.43,2019-04-01,schwarze Botin
FuP Informationen,284.87,2019-04-01,FuP Informationen
Leslie Ben Ron,69.49,2019-04-01,Leslie Ben Ron
Antiquariat,453.65,2020-10-01,Antiquariat
Schildkröte Buchhandlung AG,3233.73,2020-10-01,Schildkröte Buchhandlung
Rosa Arbeiter International,29.77,2020-10-01,Rosa Arbeiter
HDGDL Buch,2868.02,2020-10-01,HDGDL Buch
Eschenbach Verlag,35.97,2020-10-01,Eschenbach Verlag
Sappho bookshop GmbH,19.22,2020-10-01,Sappho bookshop
Unser Glück Verlag,26.22,2020-10-01,Unser Glück Verlag
Schwalben Medien,17.26,2020-10-01,Schwalben Medien
Golden Leaves Musikverlag,1271.31,2020-10-01,Golden Leaves Musikverlag
Tassen,3314.14,2020-10-01,Tassen
schwarze Botin,2116.06,2020-10-01,schwarze Botin
Buchhandlung Wal,10.86,2020-10-01,Buchhandlung Wal
FuP Informationen,912.24,2020-10-01,FuP Informationen
Leslie Ben Ron,137.1,2020-10-01,Leslie Ben Ron
LiC Vinyl,30.21,2020-10-01,LiC Vinyl
Antiquariat,839.43,2019-08-01,Antiquariat
Schildkröte Buchhandlung AG,2447.71,2019-08-01,Schildkröte Buchhandlung
Buchhandlung Klee Paris,242.39,2019-08-01,Buchhandlung Klee
Rosa Arbeiter International,29.77,2019-08-01,Rosa Arbeiter
ANALOG MEDIA,12.87,2019-08-01,ANALOG MEDIA
HDGDL Zeitschriften,25.73,2019-08-01,HDGDL Zeitschriften
HDGDL Buch,423.38,2019-08-01,HDGDL Buch
Eschenbach Verlag,191.31,2019-08-01,Eschenbach Verlag
Sappho bookshop GmbH,36.18,2019-08-01,Sappho bookshop
Unser Glück Verlag,103.45,2019-08-01,Unser Glück Verlag
Schwalben Medien,15.69,2019-08-01,Schwalben Medien
Pawnee Verlag,21.13,2019-08-01,Pawnee Verlag
Franz Kafka-Buchhandlung,23.32,2019-08-01,Franz Kafka-Buchhandlung
Golden Leaves Musikverlag,1118.89,2019-08-01,Golden Leaves Musikverlag
Tassen,2028.45,2019-08-01,Tassen
schwarze Botin,1871.4,2019-08-01,schwarze Botin
FuP Informationen,895.9,2019-08-01,FuP Informationen
Leslie Ben Ron,140.54,2019-08-01,Leslie Ben Ron
LiC Vinyl,30.21,2019-08-01,LiC Vinyl
Antiquariat,253.51,2020-02-01,Antiquariat
Schildkröte Buchhandlung AG,968.46,2020-02-01,Schildkröte Buchhandlung
HDGDL Buch,238.38,2020-02-01,HDGDL Buch
Sappho bookshop GmbH,19.22,2020-02-01,Sappho bookshop
Schwalben Medien,17.26,2020-02-01,Schwalben Medien
Golden Leaves Musikverlag,306.48,2020-02-01,Golden Leaves Musikverlag
Tassen,1501.85,2020-02-01,Tassen
schwarze Botin,386.07,2020-02-01,schwarze Botin
FuP Informationen,236.06,2020-02-01,FuP Informationen
Leslie Ben Ron,49.14,2020-02-01,Leslie Ben Ron
Antiquariat,1433.25,2018-10-01,Antiquariat
Schildkröte Buchhandlung AG,4284.39,2018-10-01,Schildkröte Buchhandlung
Buchhandlung Klee Paris,304.13,2018-10-01,Buchhandlung Klee
Rosa Arbeiter International,27.69,2018-10-01,Rosa Arbeiter
ANALOG MEDIA,34.37,2018-10-01,ANALOG MEDIA
HDGDL Zeitschriften,24.85,2018-10-01,HDGDL Zeitschriften
HDGDL Buch,689.03,2018-10-01,HDGDL Buch
Eschenbach Verlag,573.32,2018-10-01,Eschenbach Verlag
Eschenbach Verlag,13.95,2018-10-01,Eschenbach Verlag
Sappho bookshop GmbH,61.64,2018-10-01,Sappho bookshop
Unser Glück Verlag,23.86,2018-10-01,Unser Glück Verlag
Schwalben Medien,15.69,2018-10-01,Schwalben Medien
Pawnee Verlag,20.9,2018-10-01,Pawnee Verlag
Franz Kafka-Buchhandlung,23.32,2018-10-01,Franz Kafka-Buchhandlung
Golden Leaves Musikverlag,1489.69,2018-10-01,Golden Leaves Musikverlag
PuzzlePiece,3.14,2018-10-01,PuzzlePiece
Tassen,2295.72,2018-10-01,Tassen
schwarze Botin,1703.01,2018-10-01,schwarze Botin
Buchhandlung Wal,10.86,2018-10-01,Buchhandlung Wal
FuP Informationen,3822.43,2018-10-01,FuP Informationen
Leslie Ben Ron,430.59,2018-10-01,Leslie Ben Ron
LiC Vinyl,30.21,2018-10-01,LiC Vinyl
Notenantiquairiat Franul,166.79,2018-10-01,Notenantiquairiat Franul
Antiquariat,982.26,2017-11-01,Antiquariat
Schildkröte Buchhandlung AG,2352.83,2017-11-01,Schildkröte Buchhandlung
Buchhandlung Klee Paris,343.89,2017-11-01,Buchhandlung Klee
Rosa Arbeiter International,27.69,2017-11-01,Rosa Arbeiter
HDGDL Zeitschriften,25.14,2017-11-01,HDGDL Zeitschriften
HDGDL Buch,1400.87,2017-11-01,HDGDL Buch
Eschenbach Verlag,13.52,2017-11-01,Eschenbach Verlag
Sappho bookshop GmbH,346.72,2017-11-01,Sappho bookshop
Unser Glück Verlag,564.88,2017-11-01,Unser Glück Verlag
Pawnee Verlag,19.88,2017-11-01,Pawnee Verlag
Franz Kafka-Buchhandlung,23.32,2017-11-01,Franz Kafka-Buchhandlung
Golden Leaves Musikverlag,994.62,2017-11-01,Golden Leaves Musikverlag
PuzzlePiece,4.91,2017-11-01,PuzzlePiece
Tassen,3998.72,2017-11-01,Tassen
schwarze Botin,2320.37,2017-11-01,schwarze Botin
Wankuver,89.3,2017-11-01,Wankuver
FuP Informationen,4468.28,2017-11-01,FuP Informationen
Leslie Ben Ron,321.51,2017-11-01,Leslie Ben Ron
LiC Vinyl,30.21,2017-11-01,LiC Vinyl
Notenantiquairiat Franul,1846.98,2017-11-01,Notenantiquairiat Franul
Antiquariat,118.32,2018-02-01,Antiquariat
Schildkröte Buchhandlung AG,731.02,2018-02-01,Schildkröte Buchhandlung
Buchhandlung Klee Paris,36.34,2018-02-01,Buchhandlung Klee
HDGDL Zeitschriften,8.11,2018-02-01,HDGDL Zeitschriften
HDGDL Buch,264.23,2018-02-01,HDGDL Buch
Eschenbach Verlag,290.07,2018-02-01,Eschenbach Verlag
Sappho bookshop GmbH,10.95,2018-02-01,Sappho bookshop
Schwalben Medien,15.69,2018-02-01,Schwalben Medien
Pawnee Verlag,20.9,2018-02-01,Pawnee Verlag
Golden Leaves Musikverlag,394.3,2018-02-01,Golden Leaves Musikverlag
Tassen,15.09,2018-02-01,Tassen
schwarze Botin,475.52,2018-02-01,schwarze Botin
FuP Informationen,1238.64,2018-02-01,FuP Informationen
Leslie Ben Ron,84.39,2018-02-01,Leslie Ben Ron
Notenantiquairiat Franul,137.21,2018-02-01,Notenantiquairiat Franul
Antiquariat,111.31,2017-03-01,Antiquariat
Schildkröte Buchhandlung AG,639.63,2017-03-01,Schildkröte Buchhandlung
Buchhandlung Klee Paris,62.14,2017-03-01,Buchhandlung Klee
HDGDL Zeitschriften,8.41,2017-03-01,HDGDL Zeitschriften
HDGDL Buch,934.21,2017-03-01,HDGDL Buch
Pawnee Verlag,19.88,2017-03-01,Pawnee Verlag
Golden Leaves Musikverlag,186.69,2017-03-01,Golden Leaves Musikverlag
PuzzlePiece,1.77,2017-03-01,PuzzlePiece
Tassen,979.6,2017-03-01,Tassen
schwarze Botin,912.26,2017-03-01,schwarze Botin
FuP Informationen,1617.15,2017-03-01,FuP Informationen
Leslie Ben Ron,57.78,2017-03-01,Leslie Ben Ron
Antiquariat,453.65,2020-06-01,Antiquariat
Schildkröte Buchhandlung AG,2092.52,2020-06-01,Schildkröte Buchhandlung
HDGDL Buch,2745.11,2020-06-01,HDGDL Buch
Sappho bookshop GmbH,19.22,2020-06-01,Sappho bookshop
Unser Glück Verlag,26.22,2020-06-01,Unser Glück Verlag
Schwalben Medien,17.26,2020-06-01,Schwalben Medien
Golden Leaves Musikverlag,868.08,2020-06-01,Golden Leaves Musikverlag
Tassen,2603.02,2020-06-01,Tassen
schwarze Botin,1246.31,2020-06-01,schwarze Botin
FuP Informationen,506.1,2020-06-01,FuP Informationen
Leslie Ben Ron,90.77,2020-06-01,Leslie Ben Ron
Antiquariat,1535.39,2019-12-01,Antiquariat
Schildkröte Buchhandlung AG,4433.52,2019-12-01,Schildkröte Buchhandlung
Buchhandlung Klee Paris,353.37,2019-12-01,Buchhandlung Klee
Rosa Arbeiter International,29.77,2019-12-01,Rosa Arbeiter
ANALOG MEDIA,12.87,2019-12-01,ANALOG MEDIA
HDGDL Zeitschriften,25.73,2019-12-01,HDGDL Zeitschriften
HDGDL Buch,3109.22,2019-12-01,HDGDL Buch
Eschenbach Verlag,700.48,2019-12-01,Eschenbach Verlag
Sappho bookshop GmbH,45.49,2019-12-01,Sappho bookshop
Unser Glück Verlag,103.45,2019-12-01,Unser Glück Verlag
Schwalben Medien,15.69,2019-12-01,Schwalben Medien
Pawnee Verlag,48.14,2019-12-01,Pawnee Verlag
Franz Kafka-Buchhandlung,46.64,2019-12-01,Franz Kafka-Buchhandlung
Golden Leaves Musikverlag,1768.1,2019-12-01,Golden Leaves Musikverlag
Tassen,4566.73,2019-12-01,Tassen
schwarze Botin,2174.63,2019-12-01,schwarze Botin
Buchhandlung Wal,10.86,2019-12-01,Buchhandlung Wal
FuP Informationen,1415.19,2019-12-01,FuP Informationen
Leslie Ben Ron,265.75,2019-12-01,Leslie Ben Ron
LiC Vinyl,30.21,2019-12-01,LiC Vinyl
Notenantiquairiat Franul,27.88,2019-12-01,Notenantiquairiat Franul
Antiquariat,856.85,2014-12-01,Antiquariat
Schildkröte Buchhandlung AG,1490.56,2014-12-01,Schildkröte Buchhandlung
HDGDL Buch,58.7,2014-12-01,HDGDL Buch
Golden Leaves Musikverlag,295.6,2014-12-01,Golden Leaves Musikverlag
Tassen,171.07,2014-12-01,Tassen
schwarze Botin,2728.67,2014-12-01,schwarze Botin
Wankuver,1585.59,2014-12-01,Wankuver
Antiquariat,228.26,2018-06-01,Antiquariat
Schildkröte Buchhandlung AG,2289.5,2018-06-01,Schildkröte Buchhandlung
Buchhandlung Klee Paris,169.2,2018-06-01,Buchhandlung Klee
Rosa Arbeiter International,27.69,2018-06-01,Rosa Arbeiter
HDGDL Zeitschriften,8.11,2018-06-01,HDGDL Zeitschriften
HDGDL Buch,493.3,2018-06-01,HDGDL Buch
Eschenbach Verlag,569.88,2018-06-01,Eschenbach Verlag
Sappho bookshop GmbH,44.4,2018-06-01,Sappho bookshop
Unser Glück Verlag,11.91,2018-06-01,Unser Glück Verlag
Schwalben Medien,15.69,2018-06-01,Schwalben Medien
Pawnee Verlag,20.9,2018-06-01,Pawnee Verlag
Golden Leaves Musikverlag,812.16,2018-06-01,Golden Leaves Musikverlag
PuzzlePiece,3.14,2018-06-01,PuzzlePiece
Tassen,980.08,2018-06-01,Tassen
schwarze Botin,786.88,2018-06-01,schwarze Botin
FuP Informationen,2589.48,2018-06-01,FuP Informationen
Leslie Ben Ron,181.12,2018-06-01,Leslie Ben Ron
Notenantiquairiat Franul,166.79,2018-06-01,Notenantiquairiat Franul
Antiquariat,640.62,2017-07-01,Antiquariat
Schildkröte Buchhandlung AG,1561.01,2017-07-01,Schildkröte Buchhandlung
Buchhandlung Klee Paris,199.74,2017-07-01,Buchhandlung Klee
Rosa Arbeiter International,27.69,2017-07-01,Rosa Arbeiter
HDGDL Zeitschriften,25.14,2017-07-01,HDGDL Zeitschriften
HDGDL Buch,1396.96,2017-07-01,HDGDL Buch
Sappho bookshop GmbH,324.89,2017-07-01,Sappho bookshop
Unser Glück Verlag,541.05,2017-07-01,Unser Glück Verlag
Pawnee Verlag,19.88,2017-07-01,Pawnee Verlag
Franz Kafka-Buchhandlung,23.32,2017-07-01,Franz Kafka-Buchhandlung
Golden Leaves Musikverlag,697.6,2017-07-01,Golden Leaves Musikverlag
PuzzlePiece,4.91,2017-07-01,PuzzlePiece
Tassen,3010.68,2017-07-01,Tassen
schwarze Botin,1913.98,2017-07-01,schwarze Botin
Wankuver,89.3,2017-07-01,Wankuver
FuP Informationen,3328.18,2017-07-01,FuP Informationen
Leslie Ben Ron,162.26,2017-07-01,Leslie Ben Ron
LiC Vinyl,30.21,2017-07-01,LiC Vinyl
Notenantiquairiat Franul,1474.0,2017-07-01,Notenantiquairiat Franul
Antiquariat,370.8,2018-08-01,Antiquariat
Schildkröte Buchhandlung AG,3277.32,2018-08-01,Schildkröte Buchhandlung
Buchhandlung Klee Paris,201.83,2018-08-01,Buchhandlung Klee
Rosa Arbeiter International,27.69,2018-08-01,Rosa Arbeiter
HDGDL Zeitschriften,24.85,2018-08-01,HDGDL Zeitschriften
HDGDL Buch,630.24,2018-08-01,HDGDL Buch
Eschenbach Verlag,573.32,2018-08-01,Eschenbach Verlag
Sappho bookshop GmbH,61.64,2018-08-01,Sappho bookshop
Unser Glück Verlag,23.86,2018-08-01,Unser Glück Verlag
Schwalben Medien,15.69,2018-08-01,Schwalben Medien
Pawnee Verlag,20.9,2018-08-01,Pawnee Verlag
Franz Kafka-Buchhandlung,23.32,2018-08-01,Franz Kafka-Buchhandlung
Golden Leaves Musikverlag,1156.22,2018-08-01,Golden Leaves Musikverlag
PuzzlePiece,3.14,2018-08-01,PuzzlePiece
Tassen,1930.34,2018-08-01,Tassen
schwarze Botin,1073.17,2018-08-01,schwarze Botin
FuP Informationen,2989.51,2018-08-01,FuP Informationen
Leslie Ben Ron,299.44,2018-08-01,Leslie Ben Ron
LiC Vinyl,30.21,2018-08-01,LiC Vinyl
Notenantiquairiat Franul,166.79,2018-08-01,Notenantiquairiat Franul
Antiquariat,738.88,2017-09-01,Antiquariat
Schildkröte Buchhandlung AG,1805.06,2017-09-01,Schildkröte Buchhandlung
Buchhandlung Klee Paris,272.31,2017-09-01,Buchhandlung Klee
Rosa Arbeiter International,27.69,2017-09-01,Rosa Arbeiter
HDGDL Zeitschriften,25.14,2017-09-01,HDGDL Zeitschriften
HDGDL Buch,1396.96,2017-09-01,HDGDL Buch
Eschenbach Verlag,13.52,2017-09-01,Eschenbach Verlag
Sappho bookshop GmbH,335.84,2017-09-01,Sappho bookshop
Unser Glück Verlag,564.88,2017-09-01,Unser Glück Verlag
Pawnee Verlag,19.88,2017-09-01,Pawnee Verlag
Franz Kafka-Buchhandlung,23.32,2017-09-01,Franz Kafka-Buchhandlung
Golden Leaves Musikverlag,898.63,2017-09-01,Golden Leaves Musikverlag
PuzzlePiece,4.91,2017-09-01,PuzzlePiece
Tassen,3616.79,2017-09-01,Tassen
schwarze Botin,2060.82,2017-09-01,schwarze Botin
Wankuver,89.3,2017-09-01,Wankuver
FuP Informationen,3855.96,2017-09-01,FuP Informationen
Leslie Ben Ron,246.58,2017-09-01,Leslie Ben Ron
LiC Vinyl,30.21,2017-09-01,LiC Vinyl
Notenantiquairiat Franul,1728.88,2017-09-01,Notenantiquairiat Franul
Antiquariat,532.91,2017-05-01,Antiquariat
Schildkröte Buchhandlung AG,1150.16,2017-05-01,Schildkröte Buchhandlung
Buchhandlung Klee Paris,166.24,2017-05-01,Buchhandlung Klee
Rosa Arbeiter International,27.69,2017-05-01,Rosa Arbeiter
HDGDL Zeitschriften,8.41,2017-05-01,HDGDL Zeitschriften
HDGDL Buch,964.12,2017-05-01,HDGDL Buch
Sappho bookshop GmbH,188.37,2017-05-01,Sappho bookshop
Unser Glück Verlag,523.14,2017-05-01,Unser Glück Verlag
Pawnee Verlag,19.88,2017-05-01,Pawnee Verlag
Golden Leaves Musikverlag,526.32,2017-05-01,Golden Leaves Musikverlag
PuzzlePiece,4.91,2017-05-01,PuzzlePiece
Tassen,1932.66,2017-05-01,Tassen
schwarze Botin,1558.87,2017-05-01,schwarze Botin
Wankuver,89.3,2017-05-01,Wankuver
FuP Informationen,2364.56,2017-05-01,FuP Informationen
Leslie Ben Ron,95.84,2017-05-01,Leslie Ben Ron
Notenantiquairiat Franul,270.45,2017-05-01,Notenantiquairiat Franul
Antiquariat,193.71,2018-04-01,Antiquariat
Schildkröte Buchhandlung AG,1506.78,2018-04-01,Schildkröte Buchhandlung
Buchhandlung Klee Paris,134.24,2018-04-01,Buchhandlung Klee
Rosa Arbeiter International,27.69,2018-04-01,Rosa Arbeiter
HDGDL Zeitschriften,8.11,2018-04-01,HDGDL Zeitschriften
HDGDL Buch,452.0,2018-04-01,HDGDL Buch
Eschenbach Verlag,427.25,2018-04-01,Eschenbach Verlag
Sappho bookshop GmbH,14.52,2018-04-01,Sappho bookshop
Unser Glück Verlag,11.91,2018-04-01,Unser Glück Verlag
Schwalben Medien,15.69,2018-04-01,Schwalben Medien
Pawnee Verlag,20.9,2018-04-01,Pawnee Verlag
Golden Leaves Musikverlag,669.92,2018-04-01,Golden Leaves Musikverlag
Tassen,270.49,2018-04-01,Tassen
schwarze Botin,601.84,2018-04-01,schwarze Botin
FuP Informationen,1422.37,2018-04-01,FuP Informationen
Leslie Ben Ron,142.62,2018-04-01,Leslie Ben Ron
Notenantiquairiat Franul,144.02,2018-04-01,Notenantiquairiat Franul
Antiquariat,97.46,2019-02-01,Antiquariat
Schildkröte Buchhandlung AG,470.48,2019-02-01,Schildkröte Buchhandlung
Buchhandlung Klee Paris,36.4,2019-02-01,Buchhandlung Klee
ANALOG MEDIA,12.87,2019-02-01,ANALOG MEDIA
HDGDL Zeitschriften,8.11,2019-02-01,HDGDL Zeitschriften
HDGDL Buch,164.24,2019-02-01,HDGDL Buch
Sappho bookshop GmbH,7.42,2019-02-01,Sappho bookshop
Unser Glück Verlag,103.45,2019-02-01,Unser Glück Verlag
Schwalben Medien,15.69,2019-02-01,Schwalben Medien
Pawnee Verlag,21.13,2019-02-01,Pawnee Verlag
Franz Kafka-Buchhandlung,23.32,2019-02-01,Franz Kafka-Buchhandlung
Golden Leaves Musikverlag,283.78,2019-02-01,Golden Leaves Musikverlag
Tassen,483.61,2019-02-01,Tassen
schwarze Botin,368.8,2019-02-01,schwarze Botin
FuP Informationen,155.29,2019-02-01,FuP Informationen
Leslie Ben Ron,19.41,2019-02-01,Leslie Ben Ron
Antiquariat,453.65,2020-08-01,Antiquariat
Schildkröte Buchhandlung AG,2733.22,2020-08-01,Schildkröte Buchhandlung
Rosa Arbeiter International,29.77,2020-08-01,Rosa Arbeiter
HDGDL Buch,2821.4,2020-08-01,HDGDL Buch
Eschenbach Verlag,35.97,2020-08-01,Eschenbach Verlag
Sappho bookshop GmbH,19.22,2020-08-01,Sappho bookshop
Unser Glück Verlag,26.22,2020-08-01,Unser Glück Verlag
Schwalben Medien,17.26,2020-08-01,Schwalben Medien
Golden Leaves Musikverlag,973.65,2020-08-01,Golden Leaves Musikverlag
Tassen,2915.6,2020-08-01,Tassen
schwarze Botin,1766.67,2020-08-01,schwarze Botin
FuP Informationen,796.07,2020-08-01,FuP Informationen
Leslie Ben Ron,109.86,2020-08-01,Leslie Ben Ron
Antiquariat,340.35,2020-04-01,Antiquariat
Schildkröte Buchhandlung AG,1223.51,2020-04-01,Schildkröte Buchhandlung
HDGDL Buch,2745.11,2020-04-01,HDGDL Buch
Sappho bookshop GmbH,19.22,2020-04-01,Sappho bookshop
Schwalben Medien,17.26,2020-04-01,Schwalben Medien
Golden Leaves Musikverlag,469.57,2020-04-01,Golden Leaves Musikverlag
Tassen,1697.34,2020-04-01,Tassen
schwarze Botin,603.78,2020-04-01,schwarze Botin
FuP Informationen,365.21,2020-04-01,FuP Informationen
Leslie Ben Ron,49.14,2020-04-01,Leslie Ben Ron
Antiquariat,1477.76,2019-10-01,Antiquariat
Schildkröte Buchhandlung AG,2984.62,2019-10-01,Schildkröte Buchhandlung
Buchhandlung Klee Paris,319.87,2019-10-01,Buchhandlung Klee
Rosa Arbeiter International,29.77,2019-10-01,Rosa Arbeiter
ANALOG MEDIA,12.87,2019-10-01,ANALOG MEDIA
HDGDL Zeitschriften,25.73,2019-10-01,HDGDL Zeitschriften
HDGDL Buch,427.3,2019-10-01,HDGDL Buch
Eschenbach Verlag,487.52,2019-10-01,Eschenbach Verlag
Sappho bookshop GmbH,36.18,2019-10-01,Sappho bookshop
Unser Glück Verlag,103.45,2019-10-01,Unser Glück Verlag
Schwalben Medien,15.69,2019-10-01,Schwalben Medien
Pawnee Verlag,21.13,2019-10-01,Pawnee Verlag
Franz Kafka-Buchhandlung,46.64,2019-10-01,Franz Kafka-Buchhandlung
Golden Leaves Musikverlag,1366.51,2019-10-01,Golden Leaves Musikverlag
Tassen,2221.38,2019-10-01,Tassen
schwarze Botin,2000.17,2019-10-01,schwarze Botin
Buchhandlung Wal,10.86,2019-10-01,Buchhandlung Wal
FuP Informationen,1133.37,2019-10-01,FuP Informationen
Leslie Ben Ron,159.32,2019-10-01,Leslie Ben Ron
LiC Vinyl,30.21,2019-10-01,LiC Vinyl
Antiquariat,203.71,2020-01-01,Antiquariat
Schildkröte Buchhandlung AG,484.47,2020-01-01,Schildkröte Buchhandlung
HDGDL Buch,19.39,2020-01-01,HDGDL Buch
Sappho bookshop GmbH,19.22,2020-01-01,Sappho bookshop
Golden Leaves Musikverlag,232.45,2020-01-01,Golden Leaves Musikverlag
Tassen,1073.46,2020-01-01,Tassen
schwarze Botin,257.59,2020-01-01,schwarze Botin
FuP Informationen,107.69,2020-01-01,FuP Informationen
Leslie Ben Ron,31.93,2020-01-01,Leslie Ben Ron
Antiquariat,836.03,2019-07-01,Antiquariat
Schildkröte Buchhandlung AG,2274.54,2019-07-01,Schildkröte Buchhandlung
Buchhandlung Klee Paris,205.42,2019-07-01,Buchhandlung Klee
Rosa Arbeiter International,29.77,2019-07-01,Rosa Arbeiter
ANALOG MEDIA,12.87,2019-07-01,ANALOG MEDIA
HDGDL Zeitschriften,25.73,2019-07-01,HDGDL Zeitschriften
HDGDL Buch,423.38,2019-07-01,HDGDL Buch
Eschenbach Verlag,135.24,2019-07-01,Eschenbach Verlag
Sappho bookshop GmbH,36.18,2019-07-01,Sappho bookshop
Unser Glück Verlag,103.45,2019-07-01,Unser Glück Verlag
Schwalben Medien,15.69,2019-07-01,Schwalben Medien
Pawnee Verlag,21.13,2019-07-01,Pawnee Verlag
Franz Kafka-Buchhandlung,23.32,2019-07-01,Franz Kafka-Buchhandlung
Golden Leaves Musikverlag,1025.27,2019-07-01,Golden Leaves Musikverlag
Tassen,1936.49,2019-07-01,Tassen
schwarze Botin,1788.49,2019-07-01,schwarze Botin
FuP Informationen,734.85,2019-07-01,FuP Informationen
Leslie Ben Ron,135.53,2019-07-01,Leslie Ben Ron
LiC Vinyl,30.21,2019-07-01,LiC Vinyl
Antiquariat,50.98,2018-01-01,Antiquariat
Schildkröte Buchhandlung AG,475.75,2018-01-01,Schildkröte Buchhandlung
Buchhandlung Klee Paris,36.34,2018-01-01,Buchhandlung Klee
HDGDL Buch,248.61,2018-01-01,HDGDL Buch
Sappho bookshop GmbH,10.95,2018-01-01,Sappho bookshop
Golden Leaves Musikverlag,113.38,2018-01-01,Golden Leaves Musikverlag
schwarze Botin,274.1,2018-01-01,schwarze Botin
FuP Informationen,699.38,2018-01-01,FuP Informationen
Leslie Ben Ron,37.5,2018-01-01,Leslie Ben Ron
Notenantiquairiat Franul,137.21,2018-01-01,Notenantiquairiat Franul
Antiquariat,1145.97,2017-12-01,Antiquariat
Schildkröte Buchhandlung AG,3526.68,2017-12-01,Schildkröte Buchhandlung
Buchhandlung Klee Paris,343.89,2017-12-01,Buchhandlung Klee
Rosa Arbeiter International,27.69,2017-12-01,Rosa Arbeiter
HDGDL Zeitschriften,25.14,2017-12-01,HDGDL Zeitschriften
HDGDL Buch,3405.63,2017-12-01,HDGDL Buch
Eschenbach Verlag,13.52,2017-12-01,Eschenbach Verlag
Sappho bookshop GmbH,439.24,2017-12-01,Sappho bookshop
Unser Glück Verlag,564.88,2017-12-01,Unser Glück Verlag
Pawnee Verlag,19.88,2017-12-01,Pawnee Verlag
Franz Kafka-Buchhandlung,46.65,2017-12-01,Franz Kafka-Buchhandlung
Golden Leaves Musikverlag,1084.55,2017-12-01,Golden Leaves Musikverlag
PuzzlePiece,4.91,2017-12-01,PuzzlePiece
Tassen,4354.88,2017-12-01,Tassen
schwarze Botin,2398.15,2017-12-01,schwarze Botin
Wankuver,93.58,2017-12-01,Wankuver
FuP Informationen,4926.57,2017-12-01,FuP Informationen
Leslie Ben Ron,330.28,2017-12-01,Leslie Ben Ron
LiC Vinyl,30.21,2017-12-01,LiC Vinyl
Notenantiquairiat Franul,2258.48,2017-12-01,Notenantiquairiat Franul
Antiquariat,883.75,2017-10-01,Antiquariat
Schildkröte Buchhandlung AG,2021.4,2017-10-01,Schildkröte Buchhandlung
Buchhandlung Klee Paris,306.3,2017-10-01,Buchhandlung Klee
Rosa Arbeiter International,27.69,2017-10-01,Rosa Arbeiter
HDGDL Zeitschriften,25.14,2017-10-01,HDGDL Zeitschriften
HDGDL Buch,1396.96,2017-10-01,HDGDL Buch
Eschenbach Verlag,13.52,2017-10-01,Eschenbach Verlag
Sappho bookshop GmbH,335.84,2017-10-01,Sappho bookshop
Unser Glück Verlag,564.88,2017-10-01,Unser Glück Verlag
Pawnee Verlag,19.88,2017-10-01,Pawnee Verlag
Franz Kafka-Buchhandlung,23.32,2017-10-01,Franz Kafka-Buchhandlung
Golden Leaves Musikverlag,950.51,2017-10-01,Golden Leaves Musikverlag
PuzzlePiece,4.91,2017-10-01,PuzzlePiece
Tassen,3915.16,2017-10-01,Tassen
schwarze Botin,2160.02,2017-10-01,schwarze Botin
Wankuver,89.3,2017-10-01,Wankuver
FuP Informationen,3898.97,2017-10-01,FuP Informationen
Leslie Ben Ron,286.64,2017-10-01,Leslie Ben Ron
LiC Vinyl,30.21,2017-10-01,LiC Vinyl
Notenantiquairiat Franul,1728.88,2017-10-01,Notenantiquairiat Franul
Antiquariat,1492.16,2018-11-01,Antiquariat
Schildkröte Buchhandlung AG,4413.35,2018-11-01,Schildkröte Buchhandlung
Buchhandlung Klee Paris,340.76,2018-11-01,Buchhandlung Klee
Rosa Arbeiter International,27.69,2018-11-01,Rosa Arbeiter
ANALOG MEDIA,34.37,2018-11-01,ANALOG MEDIA
HDGDL Zeitschriften,24.85,2018-11-01,HDGDL Zeitschriften
HDGDL Buch,1420.26,2018-11-01,HDGDL Buch
Eschenbach Verlag,573.32,2018-11-01,Eschenbach Verlag
Eschenbach Verlag,13.95,2018-11-01,Eschenbach Verlag
Sappho bookshop GmbH,67.93,2018-11-01,Sappho bookshop
Unser Glück Verlag,108.06,2018-11-01,Unser Glück Verlag
Schwalben Medien,15.69,2018-11-01,Schwalben Medien
Pawnee Verlag,20.9,2018-11-01,Pawnee Verlag
Franz Kafka-Buchhandlung,23.32,2018-11-01,Franz Kafka-Buchhandlung
Golden Leaves Musikverlag,1658.43,2018-11-01,Golden Leaves Musikverlag
PuzzlePiece,4.91,2018-11-01,PuzzlePiece
Tassen,3278.82,2018-11-01,Tassen
schwarze Botin,1980.58,2018-11-01,schwarze Botin
Buchhandlung Wal,10.86,2018-11-01,Buchhandlung Wal
FuP Informationen,4028.53,2018-11-01,FuP Informationen
Leslie Ben Ron,511.04,2018-11-01,Leslie Ben Ron
LiC Vinyl,30.21,2018-11-01,LiC Vinyl
Notenantiquairiat Franul,166.79,2018-11-01,Notenantiquairiat Franul
Antiquariat,160.85,2018-03-01,Antiquariat
Schildkröte Buchhandlung AG,1160.44,2018-03-01,Schildkröte Buchhandlung
Buchhandlung Klee Paris,97.91,2018-03-01,Buchhandlung Klee
Rosa Arbeiter International,27.69,2018-03-01,Rosa Arbeiter
HDGDL Zeitschriften,8.11,2018-03-01,HDGDL Zeitschriften
HDGDL Buch,394.79,2018-03-01,HDGDL Buch
Eschenbach Verlag,396.94,2018-03-01,Eschenbach Verlag
Sappho bookshop GmbH,14.52,2018-03-01,Sappho bookshop
Schwalben Medien,15.69,2018-03-01,Schwalben Medien
Pawnee Verlag,20.9,2018-03-01,Pawnee Verlag
Golden Leaves Musikverlag,542.58,2018-03-01,Golden Leaves Musikverlag
Tassen,15.09,2018-03-01,Tassen
schwarze Botin,538.53,2018-03-01,schwarze Botin
FuP Informationen,1337.56,2018-03-01,FuP Informationen
Leslie Ben Ron,84.39,2018-03-01,Leslie Ben Ron
Notenantiquairiat Franul,144.02,2018-03-01,Notenantiquairiat Franul
Antiquariat,768.08,2019-05-01,Antiquariat
Schildkröte Buchhandlung AG,1196.59,2019-05-01,Schildkröte Buchhandlung
Buchhandlung Klee Paris,169.6,2019-05-01,Buchhandlung Klee
Rosa Arbeiter International,29.77,2019-05-01,Rosa Arbeiter
ANALOG MEDIA,12.87,2019-05-01,ANALOG MEDIA
HDGDL Zeitschriften,8.11,2019-05-01,HDGDL Zeitschriften
HDGDL Buch,379.87,2019-05-01,HDGDL Buch
Eschenbach Verlag,27.98,2019-05-01,Eschenbach Verlag
Sappho bookshop GmbH,30.7,2019-05-01,Sappho bookshop
Unser Glück Verlag,103.45,2019-05-01,Unser Glück Verlag
Schwalben Medien,15.69,2019-05-01,Schwalben Medien
Pawnee Verlag,21.13,2019-05-01,Pawnee Verlag
Franz Kafka-Buchhandlung,23.32,2019-05-01,Franz Kafka-Buchhandlung
Golden Leaves Musikverlag,567.38,2019-05-01,Golden Leaves Musikverlag
Tassen,1335.95,2019-05-01,Tassen
schwarze Botin,1317.67,2019-05-01,schwarze Botin
FuP Informationen,341.07,2019-05-01,FuP Informationen
Leslie Ben Ron,91.4,2019-05-01,Leslie Ben Ron
Antiquariat,340.35,2020-03-01,Antiquariat
Schildkröte Buchhandlung AG,1223.51,2020-03-01,Schildkröte Buchhandlung
HDGDL Buch,2745.11,2020-03-01,HDGDL Buch
Sappho bookshop GmbH,19.22,2020-03-01,Sappho bookshop
Schwalben Medien,17.26,2020-03-01,Schwalben Medien
Golden Leaves Musikverlag,469.57,2020-03-01,Golden Leaves Musikverlag
Tassen,1697.34,2020-03-01,Tassen
schwarze Botin,603.78,2020-03-01,schwarze Botin
FuP Informationen,365.21,2020-03-01,FuP Informationen
Leslie Ben Ron,49.14,2020-03-01,Leslie Ben Ron
Antiquariat,1447.73,2019-09-01,Antiquariat
Schildkröte Buchhandlung AG,2688.33,2019-09-01,Schildkröte Buchhandlung
Buchhandlung Klee Paris,242.39,2019-09-01,Buchhandlung Klee
Rosa Arbeiter International,29.77,2019-09-01,Rosa Arbeiter
ANALOG MEDIA,12.87,2019-09-01,ANALOG MEDIA
HDGDL Zeitschriften,25.73,2019-09-01,HDGDL Zeitschriften
HDGDL Buch,423.38,2019-09-01,HDGDL Buch
Eschenbach Verlag,298.22,2019-09-01,Eschenbach Verlag
Sappho bookshop GmbH,36.18,2019-09-01,Sappho bookshop
Unser Glück Verlag,103.45,2019-09-01,Unser Glück Verlag
Schwalben Medien,15.69,2019-09-01,Schwalben Medien
Pawnee Verlag,21.13,2019-09-01,Pawnee Verlag
Franz Kafka-Buchhandlung,23.32,2019-09-01,Franz Kafka-Buchhandlung
Golden Leaves Musikverlag,1170.0,2019-09-01,Golden Leaves Musikverlag
Tassen,2120.43,2019-09-01,Tassen
schwarze Botin,1915.21,2019-09-01,schwarze Botin
Buchhandlung Wal,10.86,2019-09-01,Buchhandlung Wal
FuP Informationen,939.48,2019-09-01,FuP Informationen
Leslie Ben Ron,140.54,2019-09-01,Leslie Ben Ron
LiC Vinyl,30.21,2019-09-01,LiC Vinyl
Antiquariat,640.62,2017-06-01,Antiquariat
Schildkröte Buchhandlung AG,1317.27,2017-06-01,Schildkröte Buchhandlung
Buchhandlung Klee Paris,199.74,2017-06-01,Buchhandlung Klee
Rosa Arbeiter International,27.69,2017-06-01,Rosa Arbeiter
HDGDL Zeitschriften,8.41,2017-06-01,HDGDL Zeitschriften
HDGDL Buch,981.51,2017-06-01,HDGDL Buch
Sappho bookshop GmbH,305.43,2017-06-01,Sappho bookshop
Unser Glück Verlag,541.05,2017-06-01,Unser Glück Verlag
Pawnee Verlag,19.88,2017-06-01,Pawnee Verlag
Franz Kafka-Buchhandlung,23.32,2017-06-01,Franz Kafka-Buchhandlung
Golden Leaves Musikverlag,645.34,2017-06-01,Golden Leaves Musikverlag
PuzzlePiece,4.91,2017-06-01,PuzzlePiece
Tassen,2302.79,2017-06-01,Tassen
schwarze Botin,1801.42,2017-06-01,schwarze Botin
Wankuver,89.3,2017-06-01,Wankuver
FuP Informationen,2782.12,2017-06-01,FuP Informationen
Leslie Ben Ron,95.84,2017-06-01,Leslie Ben Ron
Notenantiquairiat Franul,1079.26,2017-06-01,Notenantiquairiat Franul
Antiquariat,228.26,2018-07-01,Antiquariat
Schildkröte Buchhandlung AG,2767.82,2018-07-01,Schildkröte Buchhandlung
Buchhandlung Klee Paris,201.83,2018-07-01,Buchhandlung Klee
Rosa Arbeiter International,27.69,2018-07-01,Rosa Arbeiter
HDGDL Zeitschriften,24.85,2018-07-01,HDGDL Zeitschriften
HDGDL Buch,630.24,2018-07-01,HDGDL Buch
Eschenbach Verlag,569.88,2018-07-01,Eschenbach Verlag
Sappho bookshop GmbH,59.72,2018-07-01,Sappho bookshop
Unser Glück Verlag,23.86,2018-07-01,Unser Glück Verlag
Schwalben Medien,15.69,2018-07-01,Schwalben Medien
Pawnee Verlag,20.9,2018-07-01,Pawnee Verlag
Golden Leaves Musikverlag,970.66,2018-07-01,Golden Leaves Musikverlag
PuzzlePiece,3.14,2018-07-01,PuzzlePiece
Tassen,1385.82,2018-07-01,Tassen
schwarze Botin,798.22,2018-07-01,schwarze Botin
FuP Informationen,2843.67,2018-07-01,FuP Informationen
Leslie Ben Ron,271.27,2018-07-01,Leslie Ben Ron
LiC Vinyl,30.21,2018-07-01,LiC Vinyl
Notenantiquairiat Franul,166.79,2018-07-01,Notenantiquairiat Franul
Antiquariat,453.65,2020-07-01,Antiquariat
Schildkröte Buchhandlung AG,2522.22,2020-07-01,Schildkröte Buchhandlung
Rosa Arbeiter International,29.77,2020-07-01,Rosa Arbeiter
HDGDL Buch,2821.4,2020-07-01,HDGDL Buch
Sappho bookshop GmbH,19.22,2020-07-01,Sappho bookshop
Unser Glück Verlag,26.22,2020-07-01,Unser Glück Verlag
Schwalben Medien,17.26,2020-07-01,Schwalben Medien
Golden Leaves Musikverlag,931.98,2020-07-01,Golden Leaves Musikverlag
Tassen,2711.21,2020-07-01,Tassen
schwarze Botin,1541.04,2020-07-01,schwarze Botin
FuP Informationen,673.44,2020-07-01,FuP Informationen
Leslie Ben Ron,100.47,2020-07-01,Leslie Ben Ron
Antiquariat,2608.71,2016-12-01,Antiquariat
Schildkröte Buchhandlung AG,2598.16,2016-12-01,Schildkröte Buchhandlung
Buchhandlung Klee Paris,294.12,2016-12-01,Buchhandlung Klee
HDGDL Zeitschriften,24.26,2016-12-01,HDGDL Zeitschriften
HDGDL Buch,3102.49,2016-12-01,HDGDL Buch
Eschenbach Verlag,13.26,2016-12-01,Eschenbach Verlag
Sappho bookshop GmbH,176.49,2016-12-01,Sappho bookshop
Unser Glück Verlag,2.98,2016-12-01,Unser Glück Verlag
Pawnee Verlag,18.86,2016-12-01,Pawnee Verlag
Franz Kafka-Buchhandlung,69.97,2016-12-01,Franz Kafka-Buchhandlung
Golden Leaves Musikverlag,1473.75,2016-12-01,Golden Leaves Musikverlag
PuzzlePiece,3.04,2016-12-01,PuzzlePiece
Tassen,4664.32,2016-12-01,Tassen
schwarze Botin,5245.83,2016-12-01,schwarze Botin
Wankuver,489.85,2016-12-01,Wankuver
FuP Informationen,4170.13,2016-12-01,FuP Informationen
Leslie Ben Ron,72.12,2016-12-01,Leslie Ben Ron
LiC Vinyl,30.21,2016-12-01,LiC Vinyl
Antiquariat,58.37,2019-01-01,Antiquariat
Schildkröte Buchhandlung AG,260.09,2019-01-01,Schildkröte Buchhandlung
Buchhandlung Klee Paris,36.4,2019-01-01,Buchhandlung Klee
HDGDL Buch,142.45,2019-01-01,HDGDL Buch
Sappho bookshop GmbH,7.42,2019-01-01,Sappho bookshop
Unser Glück Verlag,100.17,2019-01-01,Unser Glück Verlag
Schwalben Medien,15.69,2019-01-01,Schwalben Medien
Golden Leaves Musikverlag,283.78,2019-01-01,Golden Leaves Musikverlag
Tassen,393.38,2019-01-01,Tassen
schwarze Botin,234.82,2019-01-01,schwarze Botin
FuP Informationen,117.53,2019-01-01,FuP Informationen
Leslie Ben Ron,10.02,2019-01-01,Leslie Ben Ron
Antiquariat,453.65,2020-09-01,Antiquariat
Schildkröte Buchhandlung AG,2861.43,2020-09-01,Schildkröte Buchhandlung
Rosa Arbeiter International,29.77,2020-09-01,Rosa Arbeiter
HDGDL Buch,2821.4,2020-09-01,HDGDL Buch
Eschenbach Verlag,35.97,2020-09-01,Eschenbach Verlag
Sappho bookshop GmbH,19.22,2020-09-01,Sappho bookshop
Unser Glück Verlag,26.22,2020-09-01,Unser Glück Verlag
Schwalben Medien,17.26,2020-09-01,Schwalben Medien
Golden Leaves Musikverlag,1198.55,2020-09-01,Golden Leaves Musikverlag
Tassen,3314.14,2020-09-01,Tassen
schwarze Botin,2094.53,2020-09-01,schwarze Botin
FuP Informationen,868.72,2020-09-01,FuP Informationen
Leslie Ben Ron,137.1,2020-09-01,Leslie Ben Ron
Antiquariat,612.97,2019-03-01,Antiquariat
Schildkröte Buchhandlung AG,772.82,2019-03-01,Schildkröte Buchhandlung
Buchhandlung Klee Paris,96.8,2019-03-01,Buchhandlung Klee
Rosa Arbeiter International,29.77,2019-03-01,Rosa Arbeiter
ANALOG MEDIA,12.87,2019-03-01,ANALOG MEDIA
HDGDL Zeitschriften,8.11,2019-03-01,HDGDL Zeitschriften
HDGDL Buch,276.91,2019-03-01,HDGDL Buch
Sappho bookshop GmbH,7.42,2019-03-01,Sappho bookshop
Unser Glück Verlag,103.45,2019-03-01,Unser Glück Verlag
Schwalben Medien,15.69,2019-03-01,Schwalben Medien
Pawnee Verlag,21.13,2019-03-01,Pawnee Verlag
Franz Kafka-Buchhandlung,23.32,2019-03-01,Franz Kafka-Buchhandlung
Golden Leaves Musikverlag,418.04,2019-03-01,Golden Leaves Musikverlag
Tassen,832.88,2019-03-01,Tassen
schwarze Botin,669.73,2019-03-01,schwarze Botin
FuP Informationen,193.7,2019-03-01,FuP Informationen
Leslie Ben Ron,40.38,2019-03-01,Leslie Ben Ron
Antiquariat,1503.76,2019-11-01,Antiquariat
Schildkröte Buchhandlung AG,3657.92,2019-11-01,Schildkröte Buchhandlung
Buchhandlung Klee Paris,319.87,2019-11-01,Buchhandlung Klee
Rosa Arbeiter International,29.77,2019-11-01,Rosa Arbeiter
ANALOG MEDIA,12.87,2019-11-01,ANALOG MEDIA
HDGDL Zeitschriften,25.73,2019-11-01,HDGDL Zeitschriften
HDGDL Buch,3055.87,2019-11-01,HDGDL Buch
Eschenbach Verlag,591.89,2019-11-01,Eschenbach Verlag
Sappho bookshop GmbH,45.49,2019-11-01,Sappho bookshop
Unser Glück Verlag,103.45,2019-11-01,Unser Glück Verlag
Schwalben Medien,15.69,2019-11-01,Schwalben Medien
Pawnee Verlag,21.13,2019-11-01,Pawnee Verlag
Franz Kafka-Buchhandlung,46.64,2019-11-01,Franz Kafka-Buchhandlung
Golden Leaves Musikverlag,1673.64,2019-11-01,Golden Leaves Musikverlag
Tassen,3035.28,2019-11-01,Tassen
schwarze Botin,2022.03,2019-11-01,schwarze Botin
Buchhandlung Wal,10.86,2019-11-01,Buchhandlung Wal
FuP Informationen,1231.99,2019-11-01,FuP Informationen
Leslie Ben Ron,182.17,2019-11-01,Leslie Ben Ron
LiC Vinyl,30.21,2019-11-01,LiC Vinyl
Antiquariat,340.35,2020-05-01,Antiquariat
Schildkröte Buchhandlung AG,1696.82,2020-05-01,Schildkröte Buchhandlung
HDGDL Buch,2745.11,2020-05-01,HDGDL Buch
Sappho bookshop GmbH,19.22,2020-05-01,Sappho bookshop
Schwalben Medien,17.26,2020-05-01,Schwalben Medien
Golden Leaves Musikverlag,703.8,2020-05-01,Golden Leaves Musikverlag
Tassen,1774.32,2020-05-01,Tassen
schwarze Botin,905.79,2020-05-01,schwarze Botin
FuP Informationen,403.81,2020-05-01,FuP Informationen
Leslie Ben Ron,55.4,2020-05-01,Leslie Ben Ron
Antiquariat,681.67,2017-08-01,Antiquariat
Schildkröte Buchhandlung AG,1661.37,2017-08-01,Schildkröte Buchhandlung
Buchhandlung Klee Paris,272.31,2017-08-01,Buchhandlung Klee
Rosa Arbeiter International,27.69,2017-08-01,Rosa Arbeiter
HDGDL Zeitschriften,25.14,2017-08-01,HDGDL Zeitschriften
HDGDL Buch,1396.96,2017-08-01,HDGDL Buch
Sappho bookshop GmbH,324.89,2017-08-01,Sappho bookshop
Unser Glück Verlag,564.88,2017-08-01,Unser Glück Verlag
Pawnee Verlag,19.88,2017-08-01,Pawnee Verlag
Franz Kafka-Buchhandlung,23.32,2017-08-01,Franz Kafka-Buchhandlung
Golden Leaves Musikverlag,898.63,2017-08-01,Golden Leaves Musikverlag
PuzzlePiece,4.91,2017-08-01,PuzzlePiece
Tassen,3488.3,2017-08-01,Tassen
schwarze Botin,2035.49,2017-08-01,schwarze Botin
Wankuver,89.3,2017-08-01,Wankuver
FuP Informationen,3525.29,2017-08-01,FuP Informationen
Leslie Ben Ron,234.68,2017-08-01,Leslie Ben Ron
LiC Vinyl,30.21,2017-08-01,LiC Vinyl
Notenantiquairiat Franul,1728.88,2017-08-01,Notenantiquairiat Franul
Antiquariat,504.41,2018-09-01,Antiquariat
Schildkröte Buchhandlung AG,3647.55,2018-09-01,Schildkröte Buchhandlung
Buchhandlung Klee Paris,268.02,2018-09-01,Buchhandlung Klee
Rosa Arbeiter International,27.69,2018-09-01,Rosa Arbeiter
HDGDL Zeitschriften,24.85,2018-09-01,HDGDL Zeitschriften
HDGDL Buch,630.24,2018-09-01,HDGDL Buch
Eschenbach Verlag,573.32,2018-09-01,Eschenbach Verlag
Sappho bookshop GmbH,61.64,2018-09-01,Sappho bookshop
Unser Glück Verlag,23.86,2018-09-01,Unser Glück Verlag
Schwalben Medien,15.69,2018-09-01,Schwalben Medien
Pawnee Verlag,20.9,2018-09-01,Pawnee Verlag
Franz Kafka-Buchhandlung,23.32,2018-09-01,Franz Kafka-Buchhandlung
Golden Leaves Musikverlag,1345.17,2018-09-01,Golden Leaves Musikverlag
PuzzlePiece,3.14,2018-09-01,PuzzlePiece
Tassen,2054.21,2018-09-01,Tassen
schwarze Botin,1167.77,2018-09-01,schwarze Botin
Buchhandlung Wal,10.86,2018-09-01,Buchhandlung Wal
FuP Informationen,3418.02,2018-09-01,FuP Informationen
Leslie Ben Ron,348.58,2018-09-01,Leslie Ben Ron
LiC Vinyl,30.21,2018-09-01,LiC Vinyl
Notenantiquairiat Franul,166.79,2018-09-01,Notenantiquairiat Franul
Antiquariat,222.6,2018-05-01,Antiquariat
Schildkröte Buchhandlung AG,1708.71,2018-05-01,Schildkröte Buchhandlung
Buchhandlung Klee Paris,134.24,2018-05-01,Buchhandlung Klee
Rosa Arbeiter International,27.69,2018-05-01,Rosa Arbeiter
HDGDL Zeitschriften,8.11,2018-05-01,HDGDL Zeitschriften
HDGDL Buch,475.9,2018-05-01,HDGDL Buch
Eschenbach Verlag,488.07,2018-05-01,Eschenbach Verlag
Sappho bookshop GmbH,44.4,2018-05-01,Sappho bookshop
Unser Glück Verlag,11.91,2018-05-01,Unser Glück Verlag
Schwalben Medien,15.69,2018-05-01,Schwalben Medien
Pawnee Verlag,20.9,2018-05-01,Pawnee Verlag
Golden Leaves Musikverlag,739.48,2018-05-01,Golden Leaves Musikverlag
PuzzlePiece,3.14,2018-05-01,PuzzlePiece
Tassen,424.87,2018-05-01,Tassen
schwarze Botin,761.84,2018-05-01,schwarze Botin
FuP Informationen,2278.53,2018-05-01,FuP Informationen
Leslie Ben Ron,181.12,2018-05-01,Leslie Ben Ron
Notenantiquairiat Franul,166.79,2018-05-01,Notenantiquairiat Franul
Antiquariat,437.68,2017-04-01,Antiquariat
Schildkröte Buchhandlung AG,897.31,2017-04-01,Schildkröte Buchhandlung
Buchhandlung Klee Paris,129.56,2017-04-01,Buchhandlung Klee
Rosa Arbeiter International,27.69,2017-04-01,Rosa Arbeiter
HDGDL Zeitschriften,8.41,2017-04-01,HDGDL Zeitschriften
HDGDL Buch,959.94,2017-04-01,HDGDL Buch
Sappho bookshop GmbH,102.67,2017-04-01,Sappho bookshop
Pawnee Verlag,19.88,2017-04-01,Pawnee Verlag
Golden Leaves Musikverlag,413.35,2017-04-01,Golden Leaves Musikverlag
PuzzlePiece,4.91,2017-04-01,PuzzlePiece
Tassen,1107.01,2017-04-01,Tassen
schwarze Botin,1002.48,2017-04-01,schwarze Botin
Wankuver,89.3,2017-04-01,Wankuver
FuP Informationen,1833.81,2017-04-01,FuP Informationen
Leslie Ben Ron,76.56,2017-04-01,Leslie Ben Ron
Antiquariat,453.65,2020-12-01,Antiquariat
Schildkröte Buchhandlung AG,4177.87,2020-12-01,Schildkröte Buchhandlung
Rosa Arbeiter International,29.77,2020-12-01,Rosa Arbeiter
HDGDL Buch,2925.49,2020-12-01,HDGDL Buch
Eschenbach Verlag,35.97,2020-12-01,Eschenbach Verlag
Eschenbach Verlag,5.53,2020-12-01,Eschenbach Verlag
Sappho bookshop GmbH,19.22,2020-12-01,Sappho bookshop
Unser Glück Verlag,26.22,2020-12-01,Unser Glück Verlag
Schwalben Medien,17.26,2020-12-01,Schwalben Medien
Golden Leaves Musikverlag,1534.55,2020-12-01,Golden Leaves Musikverlag
Tassen,3729.89,2020-12-01,Tassen
schwarze Botin,2489.4,2020-12-01,schwarze Botin
Buchhandlung Wal,10.86,2020-12-01,Buchhandlung Wal
FuP Informationen,1190.85,2020-12-01,FuP Informationen
Leslie Ben Ron,239.14,2020-12-01,Leslie Ben Ron
LiC Vinyl,30.21,2020-12-01,LiC Vinyl
Antiquariat,453.65,2020-11-01,Antiquariat
Schildkröte Buchhandlung AG,3613.06,2020-11-01,Schildkröte Buchhandlung
Rosa Arbeiter International,29.77,2020-11-01,Rosa Arbeiter
HDGDL Buch,2925.49,2020-11-01,HDGDL Buch
Eschenbach Verlag,35.97,2020-11-01,Eschenbach Verlag
Eschenbach Verlag,5.53,2020-11-01,Eschenbach Verlag
Sappho bookshop GmbH,19.22,2020-11-01,Sappho bookshop
Unser Glück Verlag,26.22,2020-11-01,Unser Glück Verlag
Schwalben Medien,17.26,2020-11-01,Schwalben Medien
Golden Leaves Musikverlag,1483.59,2020-11-01,Golden Leaves Musikverlag
Tassen,3314.14,2020-11-01,Tassen
schwarze Botin,2118.57,2020-11-01,schwarze Botin
Buchhandlung Wal,10.86,2020-11-01,Buchhandlung Wal
FuP Informationen,931.3,2020-11-01,FuP Informationen
Leslie Ben Ron,148.37,2020-11-01,Leslie Ben Ron
LiC Vinyl,30.21,2020-11-01,LiC Vinyl
Antiquariat,340.35,2021-01-01,Antiquariat
Schildkröte Buchhandlung AG,1223.51,2021-01-01,Schildkröte Buchhandlung
HDGDL Buch,2745.11,2021-01-01,HDGDL Buch
Sappho bookshop GmbH,19.22,2021-01-01,Sappho bookshop
Schwalben Medien,17.26,2021-01-01,Schwalben Medien
Golden Leaves Musikverlag,469.57,2021-01-01,Golden Leaves Musikverlag
Tassen,1697.34,2021-01-01,Tassen
schwarze Botin,603.78,2021-01-01,schwarze Botin
FuP Informationen,365.21,2021-01-01,FuP Informationen
Leslie Ben Ron,49.14,2021-01-01,Leslie Ben Ron
Antiquariat,340.35,2021-02-01,Antiquariat
Schildkröte Buchhandlung AG,1696.82,2021-02-01,Schildkröte Buchhandlung
HDGDL Buch,2745.11,2021-02-01,HDGDL Buch
Sappho bookshop GmbH,19.22,2021-02-01,Sappho bookshop
Schwalben Medien,17.26,2021-02-01,Schwalben Medien
Golden Leaves Musikverlag,703.8,2021-02-01,Golden Leaves Musikverlag
Tassen,1774.32,2021-02-01,Tassen
schwarze Botin,905.79,2021-02-01,schwarze Botin
FuP Informationen,403.81,2021-02-01,FuP Informationen
Leslie Ben Ron,55.4,2021-02-01,Leslie Ben Ron
Antiquariat,453.65,2021-03-01,Antiquariat
Schildkröte Buchhandlung AG,2092.52,2021-03-01,Schildkröte Buchhandlung
HDGDL Buch,2745.11,2021-03-01,HDGDL Buch
Sappho bookshop GmbH,19.22,2021-03-01,Sappho bookshop
Unser Glück Verlag,26.22,2021-03-01,Unser Glück Verlag
Schwalben Medien,17.26,2021-03-01,Schwalben Medien
Golden Leaves Musikverlag,868.08,2021-03-01,Golden Leaves Musikverlag
Tassen,2603.02,2021-03-01,Tassen
schwarze Botin,1246.31,2021-03-01,schwarze Botin
FuP Informationen,506.1,2021-03-01,FuP Informationen
Leslie Ben Ron,90.77,2021-03-01,Leslie Ben Ron
